{
  "variables": [
    {
      "name": "Spawn",
      "type": "number",
      "keyFrames": {
        "927deac6-b034-55f1-86c5-57ff40556a27": 30,
        "31956976-7181-57db-a1ed-6fa6dd080419": 29,
        "54fb03da-40be-52cc-93d3-83c1c98077a3": 39,
        "789fc065-7369-5ee8-8350-299513f807f1": 49,
        "7448b2aa-8758-55c0-a6a7-a7a1bc9b13f8": 50,
        "eaad207c-1849-5b56-9a02-e4e362c6eb70": 50,
        "57ec49a2-cca2-51c7-b974-6f498bc7d726": 50,
        "fee804f6-8562-50fb-802c-f08c8f400f64": 60,
        "a378e910-ba98-56a6-8e75-78667c7956eb": 59,
        "0787936c-9bd5-56ef-a949-b75e747579a4": 70,
        "503529fd-0310-5c8c-a8c6-9e5b8372ec7c": 69,
        "9066c7ce-4793-5f6a-a8a7-e52f70f0cf9e": 80,
        "90ed49ec-4f21-598c-8f0d-4852ad2b0d86": 79,
        "ebb5c916-40d4-5015-b1fd-320d1e921eaa": 40,
        "19095dc9-d068-5c7a-8897-722674442f27": 50,
        "01820615-1de9-5d4e-92a2-2fb00eb29ce7": 65,
        "53efe24e-6885-516f-b986-270ec1b4c192": 74,
        "8d2320b2-f83a-59af-ace7-8d7a38436352": 75,
        "6689a804-f47d-5425-8e6e-e0c13f5ac071": 90,
        "698b46df-15eb-54ad-b6de-9bd5da6b1202": 89,
        "dbb486bb-da49-5a70-8765-6e5b75353b68": 95,
        "bd244aa3-3117-5b3a-bf12-adb4c27e215f": 99,
        "6a27ecfe-390e-5e4c-84a8-b622f36e39e3": 20,
        "d2ac61f7-eba1-5260-aee8-7628fb5325d2": 15,
        "bbf6f602-dc15-53e4-8b9d-9afaf04ae2ff": 110,
        "89b36ea0-5cd9-5716-abf1-3aa1948ae53f": 85,
        "17af616e-1713-5ebe-bba1-8a671b26f8f6": 84,
        "af65b1bf-91fc-569e-9ac0-466321fc5cae": 95,
        "907c505f-eebc-5766-9f57-f6cf176a6f19": 94,
        "5e34eea6-624c-5645-be88-8373f8bcfaa6": 105,
        "d55d5c68-84ce-5c87-b986-a2a59c1ce1c0": 105,
        "426039c1-b7be-5365-9355-05c0c734e1db": 104,
        "7375ede7-abd5-5800-9cab-5e720b581fbc": 115,
        "00b18299-02c0-5712-b1c6-eff561fad70c": 114
      },
      "minimum": 0,
      "maximum": 150
    }
  ],
  "transformations": [
    {
      "name": "scale_point_line1",
      "type": "scale",
      "element": "point_line1",
      "variable": "Spawn",
      "frames": {
        "54fb03da-40be-52cc-93d3-83c1c98077a3": {
          "name": "54fb03da-40be-52cc-93d3-83c1c98077a3",
          "value": {
            "x": 1.1,
            "y": 1.1
          },
          "transition": "linear"
        },
        "$min": {
          "name": "$min",
          "value": {
            "x": 0,
            "y": 0
          },
          "transition": "linear"
        },
        "927deac6-b034-55f1-86c5-57ff40556a27": {
          "name": "927deac6-b034-55f1-86c5-57ff40556a27",
          "value": {
            "x": 0,
            "y": 0
          },
          "transition": "linear"
        },
        "ebb5c916-40d4-5015-b1fd-320d1e921eaa": {
          "name": "ebb5c916-40d4-5015-b1fd-320d1e921eaa",
          "value": {
            "x": 1,
            "y": 1
          },
          "transition": "linear"
        },
        "eaad207c-1849-5b56-9a02-e4e362c6eb70": {
          "name": "eaad207c-1849-5b56-9a02-e4e362c6eb70",
          "value": {
            "x": 1,
            "y": 1
          },
          "transition": "linear"
        }
      },
      "priority": 110,
      "axis": "both",
      "center": "bottom"
    },
    {
      "name": "scale_checkpoint1",
      "type": "scale",
      "element": "checkpoint1",
      "variable": "Spawn",
      "frames": {
        "31956976-7181-57db-a1ed-6fa6dd080419": {
          "name": "31956976-7181-57db-a1ed-6fa6dd080419",
          "value": {
            "x": 1.1,
            "y": 1.1
          },
          "transition": "linear"
        },
        "$max": {
          "name": "$max",
          "value": {
            "x": 1,
            "y": 1
          },
          "transition": "step"
        },
        "$min": {
          "name": "$min",
          "value": {
            "x": 0,
            "y": 0
          },
          "transition": "linear"
        },
        "927deac6-b034-55f1-86c5-57ff40556a27": {
          "name": "927deac6-b034-55f1-86c5-57ff40556a27",
          "value": {
            "x": 1,
            "y": 1
          },
          "transition": "linear"
        },
        "6a27ecfe-390e-5e4c-84a8-b622f36e39e3": {
          "name": "6a27ecfe-390e-5e4c-84a8-b622f36e39e3",
          "value": {
            "x": 0,
            "y": 0
          },
          "transition": "linear"
        }
      },
      "priority": 110,
      "axis": "both",
      "center": "center"
    },
    {
      "name": "scale_checkpoint2",
      "type": "scale",
      "element": "checkpoint2",
      "variable": "Spawn",
      "frames": {
        "eaad207c-1849-5b56-9a02-e4e362c6eb70": {
          "name": "eaad207c-1849-5b56-9a02-e4e362c6eb70",
          "value": {
            "x": 1,
            "y": 1
          },
          "transition": "linear"
        },
        "$max": {
          "name": "$max",
          "value": null,
          "transition": "step"
        },
        "927deac6-b034-55f1-86c5-57ff40556a27": {
          "name": "927deac6-b034-55f1-86c5-57ff40556a27",
          "value": {
            "x": 0,
            "y": 0
          },
          "transition": "linear"
        },
        "54fb03da-40be-52cc-93d3-83c1c98077a3": {
          "name": "54fb03da-40be-52cc-93d3-83c1c98077a3",
          "value": {
            "x": 1.1,
            "y": 1.1
          },
          "transition": "linear"
        },
        "$min": {
          "name": "$min",
          "value": {
            "x": 0,
            "y": 0
          },
          "transition": "linear"
        }
      },
      "priority": 110,
      "axis": "both",
      "center": "center"
    },
    {
      "name": "scale_checkpoint4",
      "type": "scale",
      "element": "checkpoint4",
      "variable": "Spawn",
      "frames": {
        "a378e910-ba98-56a6-8e75-78667c7956eb": {
          "name": "a378e910-ba98-56a6-8e75-78667c7956eb",
          "value": {
            "x": 1.1,
            "y": 1.1
          },
          "transition": "linear"
        },
        "7448b2aa-8758-55c0-a6a7-a7a1bc9b13f8": {
          "name": "7448b2aa-8758-55c0-a6a7-a7a1bc9b13f8",
          "value": {
            "x": 0,
            "y": 0
          },
          "transition": "linear"
        },
        "$min": {
          "name": "$min",
          "value": {
            "x": 0,
            "y": 0
          },
          "transition": "linear"
        },
        "fee804f6-8562-50fb-802c-f08c8f400f64": {
          "name": "fee804f6-8562-50fb-802c-f08c8f400f64",
          "value": {
            "x": 1,
            "y": 1
          },
          "transition": "linear"
        },
        "$max": {
          "name": "$max",
          "value": {
            "x": 1,
            "y": 1
          },
          "transition": "step"
        }
      },
      "priority": 110,
      "axis": "both",
      "center": "center"
    },
    {
      "name": "scale_checkpoint5",
      "type": "scale",
      "element": "checkpoint5",
      "variable": "Spawn",
      "frames": {
        "fee804f6-8562-50fb-802c-f08c8f400f64": {
          "name": "fee804f6-8562-50fb-802c-f08c8f400f64",
          "value": {
            "x": 0,
            "y": 0
          },
          "transition": "linear"
        },
        "$max": {
          "name": "$max",
          "value": null,
          "transition": "step"
        },
        "$min": {
          "name": "$min",
          "value": {
            "x": 0,
            "y": 0
          },
          "transition": "linear"
        },
        "503529fd-0310-5c8c-a8c6-9e5b8372ec7c": {
          "name": "503529fd-0310-5c8c-a8c6-9e5b8372ec7c",
          "value": {
            "x": 1.1,
            "y": 1.1
          },
          "transition": "linear"
        },
        "0787936c-9bd5-56ef-a949-b75e747579a4": {
          "name": "0787936c-9bd5-56ef-a949-b75e747579a4",
          "value": {
            "x": 1,
            "y": 1
          },
          "transition": "linear"
        }
      },
      "priority": 110,
      "axis": "both",
      "center": "center"
    },
    {
      "name": "scale_checkpoint6",
      "type": "scale",
      "element": "checkpoint6",
      "variable": "Spawn",
      "frames": {
        "0787936c-9bd5-56ef-a949-b75e747579a4": {
          "name": "0787936c-9bd5-56ef-a949-b75e747579a4",
          "value": {
            "x": 0,
            "y": 0
          },
          "transition": "linear"
        },
        "9066c7ce-4793-5f6a-a8a7-e52f70f0cf9e": {
          "name": "9066c7ce-4793-5f6a-a8a7-e52f70f0cf9e",
          "value": {
            "x": 1,
            "y": 1
          },
          "transition": "linear"
        },
        "$max": {
          "name": "$max",
          "value": null,
          "transition": "step"
        },
        "$min": {
          "name": "$min",
          "value": {
            "x": 0,
            "y": 0
          },
          "transition": "linear"
        },
        "90ed49ec-4f21-598c-8f0d-4852ad2b0d86": {
          "name": "90ed49ec-4f21-598c-8f0d-4852ad2b0d86",
          "value": {
            "x": 1.1,
            "y": 1.1
          },
          "transition": "linear"
        }
      },
      "priority": 110,
      "axis": "both",
      "center": "center"
    },
    {
      "name": "scale_flag1",
      "type": "scale",
      "element": "flag1",
      "variable": "Spawn",
      "frames": {
        "ebb5c916-40d4-5015-b1fd-320d1e921eaa": {
          "name": "ebb5c916-40d4-5015-b1fd-320d1e921eaa",
          "value": {
            "x": 0,
            "y": 0
          },
          "transition": "linear"
        },
        "$min": {
          "name": "$min",
          "value": {
            "x": 0,
            "y": 0
          },
          "transition": "linear"
        },
        "927deac6-b034-55f1-86c5-57ff40556a27": {
          "name": "927deac6-b034-55f1-86c5-57ff40556a27",
          "value": {
            "x": 0,
            "y": 0
          },
          "transition": "linear"
        },
        "7448b2aa-8758-55c0-a6a7-a7a1bc9b13f8": {
          "name": "7448b2aa-8758-55c0-a6a7-a7a1bc9b13f8",
          "value": {
            "x": 1,
            "y": 1
          },
          "transition": "linear"
        },
        "$max": {
          "name": "$max",
          "value": null,
          "transition": "step"
        }
      },
      "priority": 110,
      "axis": "both",
      "center": "top-left"
    },
    {
      "name": "translate_flag1",
      "type": "translate",
      "element": "flag1",
      "variable": "Spawn",
      "frames": {
        "ebb5c916-40d4-5015-b1fd-320d1e921eaa": {
          "name": "ebb5c916-40d4-5015-b1fd-320d1e921eaa",
          "value": {
            "x": 0,
            "y": 65
          },
          "transition": "linear"
        },
        "$max": {
          "name": "$max",
          "value": null,
          "transition": "step"
        },
        "$min": {
          "name": "$min",
          "value": {
            "x": 0,
            "y": 65
          },
          "transition": "linear"
        },
        "7448b2aa-8758-55c0-a6a7-a7a1bc9b13f8": {
          "name": "7448b2aa-8758-55c0-a6a7-a7a1bc9b13f8",
          "value": {
            "x": 0,
            "y": 0
          },
          "transition": "linear"
        }
      },
      "priority": 130,
      "axis": "both"
    },
    {
      "name": "scale_point_line2",
      "type": "scale",
      "element": "point_line2",
      "variable": "Spawn",
      "frames": {
        "$min": {
          "name": "$min",
          "value": {
            "x": 0,
            "y": 0
          },
          "transition": "linear"
        },
        "ebb5c916-40d4-5015-b1fd-320d1e921eaa": {
          "name": "ebb5c916-40d4-5015-b1fd-320d1e921eaa",
          "value": {
            "x": 0,
            "y": 0
          },
          "transition": "linear"
        },
        "$max": {
          "name": "$max",
          "value": null,
          "transition": "step"
        },
        "789fc065-7369-5ee8-8350-299513f807f1": {
          "name": "789fc065-7369-5ee8-8350-299513f807f1",
          "value": {
            "x": 1.1,
            "y": 1.1
          },
          "transition": "linear"
        },
        "7448b2aa-8758-55c0-a6a7-a7a1bc9b13f8": {
          "name": "7448b2aa-8758-55c0-a6a7-a7a1bc9b13f8",
          "value": {
            "x": 1,
            "y": 1
          },
          "transition": "linear"
        }
      },
      "priority": 110,
      "axis": "both",
      "center": "bottom"
    },
    {
      "name": "scale_point_line3",
      "type": "scale",
      "element": "point_line3",
      "variable": "Spawn",
      "frames": {
        "$max": {
          "name": "$max",
          "value": null,
          "transition": "step"
        },
        "7448b2aa-8758-55c0-a6a7-a7a1bc9b13f8": {
          "name": "7448b2aa-8758-55c0-a6a7-a7a1bc9b13f8",
          "value": {
            "x": 0,
            "y": 0
          },
          "transition": "linear"
        },
        "a378e910-ba98-56a6-8e75-78667c7956eb": {
          "name": "a378e910-ba98-56a6-8e75-78667c7956eb",
          "value": {
            "x": 1.1,
            "y": 1.1
          },
          "transition": "linear"
        },
        "fee804f6-8562-50fb-802c-f08c8f400f64": {
          "name": "fee804f6-8562-50fb-802c-f08c8f400f64",
          "value": {
            "x": 1,
            "y": 1
          },
          "transition": "linear"
        },
        "$min": {
          "name": "$min",
          "value": {
            "x": 0,
            "y": 0
          },
          "transition": "linear"
        }
      },
      "priority": 110,
      "axis": "both",
      "center": "bottom"
    },
    {
      "name": "scale_Bubble1",
      "type": "scale",
      "element": "Bubble1",
      "variable": "Spawn",
      "frames": {
        "fee804f6-8562-50fb-802c-f08c8f400f64": {
          "name": "fee804f6-8562-50fb-802c-f08c8f400f64",
          "value": {
            "x": 1,
            "y": 1
          },
          "transition": "linear"
        },
        "$max": {
          "name": "$max",
          "value": null,
          "transition": "step"
        },
        "7448b2aa-8758-55c0-a6a7-a7a1bc9b13f8": {
          "name": "7448b2aa-8758-55c0-a6a7-a7a1bc9b13f8",
          "value": {
            "x": 0,
            "y": 0
          },
          "transition": "linear"
        },
        "$min": {
          "name": "$min",
          "value": {
            "x": 0,
            "y": 0
          },
          "transition": "linear"
        },
        "a378e910-ba98-56a6-8e75-78667c7956eb": {
          "name": "a378e910-ba98-56a6-8e75-78667c7956eb",
          "value": {
            "x": 1.1,
            "y": 1.1
          },
          "transition": "linear"
        }
      },
      "priority": 110,
      "axis": "both",
      "center": "bottom-left"
    },
    {
      "name": "scale_Bubble2",
      "type": "scale",
      "element": "Bubble2",
      "variable": "Spawn",
      "frames": {
        "0787936c-9bd5-56ef-a949-b75e747579a4": {
          "name": "0787936c-9bd5-56ef-a949-b75e747579a4",
          "value": {
            "x": 1,
            "y": 1
          },
          "transition": "linear"
        },
        "$min": {
          "name": "$min",
          "value": {
            "x": 0,
            "y": 0
          },
          "transition": "linear"
        },
        "$max": {
          "name": "$max",
          "value": null,
          "transition": "step"
        },
        "503529fd-0310-5c8c-a8c6-9e5b8372ec7c": {
          "name": "503529fd-0310-5c8c-a8c6-9e5b8372ec7c",
          "value": {
            "x": 1.1,
            "y": 1.1
          },
          "transition": "linear"
        },
        "fee804f6-8562-50fb-802c-f08c8f400f64": {
          "name": "fee804f6-8562-50fb-802c-f08c8f400f64",
          "value": {
            "x": 0,
            "y": 0
          },
          "transition": "linear"
        }
      },
      "priority": 110,
      "axis": "both",
      "center": "bottom-right"
    },
    {
      "name": "scale_info1_row1",
      "type": "scale",
      "element": "info1_row1",
      "variable": "Spawn",
      "frames": {
        "503529fd-0310-5c8c-a8c6-9e5b8372ec7c": {
          "name": "503529fd-0310-5c8c-a8c6-9e5b8372ec7c",
          "value": {
            "x": 1.1,
            "y": 1.1
          },
          "transition": "linear"
        },
        "fee804f6-8562-50fb-802c-f08c8f400f64": {
          "name": "fee804f6-8562-50fb-802c-f08c8f400f64",
          "value": {
            "x": 0,
            "y": 0
          },
          "transition": "linear"
        },
        "$max": {
          "name": "$max",
          "value": null,
          "transition": "step"
        },
        "0787936c-9bd5-56ef-a949-b75e747579a4": {
          "name": "0787936c-9bd5-56ef-a949-b75e747579a4",
          "value": {
            "x": 1,
            "y": 1
          },
          "transition": "linear"
        },
        "$min": {
          "name": "$min",
          "value": {
            "x": 0,
            "y": 0
          },
          "transition": "linear"
        }
      },
      "priority": 110,
      "axis": "both",
      "center": "left"
    },
    {
      "name": "scale_info1_row2",
      "type": "scale",
      "element": "info1_row2",
      "variable": "Spawn",
      "frames": {
        "$max": {
          "name": "$max",
          "value": null,
          "transition": "step"
        },
        "$min": {
          "name": "$min",
          "value": {
            "x": 0,
            "y": 0
          },
          "transition": "linear"
        },
        "53efe24e-6885-516f-b986-270ec1b4c192": {
          "name": "53efe24e-6885-516f-b986-270ec1b4c192",
          "value": {
            "x": 1.1,
            "y": 1.1
          },
          "transition": "linear"
        },
        "01820615-1de9-5d4e-92a2-2fb00eb29ce7": {
          "name": "01820615-1de9-5d4e-92a2-2fb00eb29ce7",
          "value": {
            "x": 0,
            "y": 0
          },
          "transition": "linear"
        },
        "8d2320b2-f83a-59af-ace7-8d7a38436352": {
          "name": "8d2320b2-f83a-59af-ace7-8d7a38436352",
          "value": {
            "x": 1,
            "y": 1
          },
          "transition": "linear"
        }
      },
      "priority": 110,
      "axis": "both",
      "center": "left"
    },
    {
      "name": "scale_checkpoint3",
      "type": "scale",
      "element": "checkpoint3",
      "variable": "Spawn",
      "frames": {
        "7448b2aa-8758-55c0-a6a7-a7a1bc9b13f8": {
          "name": "7448b2aa-8758-55c0-a6a7-a7a1bc9b13f8",
          "value": {
            "x": 1,
            "y": 1
          },
          "transition": "linear"
        },
        "$min": {
          "name": "$min",
          "value": {
            "x": 0,
            "y": 0
          },
          "transition": "linear"
        },
        "ebb5c916-40d4-5015-b1fd-320d1e921eaa": {
          "name": "ebb5c916-40d4-5015-b1fd-320d1e921eaa",
          "value": {
            "x": 0,
            "y": 0
          },
          "transition": "linear"
        },
        "789fc065-7369-5ee8-8350-299513f807f1": {
          "name": "789fc065-7369-5ee8-8350-299513f807f1",
          "value": {
            "x": 1.1,
            "y": 1.1
          },
          "transition": "linear"
        },
        "$max": {
          "name": "$max",
          "value": null,
          "transition": "step"
        }
      },
      "priority": 110,
      "axis": "both",
      "center": "center"
    },
    {
      "name": "scale_point_line4",
      "type": "scale",
      "element": "point_line4",
      "variable": "Spawn",
      "frames": {
        "0787936c-9bd5-56ef-a949-b75e747579a4": {
          "name": "0787936c-9bd5-56ef-a949-b75e747579a4",
          "value": {
            "x": 1,
            "y": 1
          },
          "transition": "linear"
        },
        "503529fd-0310-5c8c-a8c6-9e5b8372ec7c": {
          "name": "503529fd-0310-5c8c-a8c6-9e5b8372ec7c",
          "value": {
            "x": 1.1,
            "y": 1.1
          },
          "transition": "linear"
        },
        "$min": {
          "name": "$min",
          "value": {
            "x": 0,
            "y": 0
          },
          "transition": "linear"
        },
        "fee804f6-8562-50fb-802c-f08c8f400f64": {
          "name": "fee804f6-8562-50fb-802c-f08c8f400f64",
          "value": {
            "x": 0,
            "y": 0
          },
          "transition": "linear"
        },
        "$max": {
          "name": "$max",
          "value": null,
          "transition": "step"
        }
      },
      "priority": 110,
      "axis": "both",
      "center": "bottom"
    },
    {
      "name": "scale_Bubble3",
      "type": "scale",
      "element": "Bubble3",
      "variable": "Spawn",
      "frames": {
        "0787936c-9bd5-56ef-a949-b75e747579a4": {
          "name": "0787936c-9bd5-56ef-a949-b75e747579a4",
          "value": {
            "x": 0,
            "y": 0
          },
          "transition": "linear"
        },
        "$max": {
          "name": "$max",
          "value": null,
          "transition": "step"
        },
        "90ed49ec-4f21-598c-8f0d-4852ad2b0d86": {
          "name": "90ed49ec-4f21-598c-8f0d-4852ad2b0d86",
          "value": {
            "x": 1.1,
            "y": 1.1
          },
          "transition": "linear"
        },
        "$min": {
          "name": "$min",
          "value": {
            "x": 0,
            "y": 0
          },
          "transition": "linear"
        },
        "9066c7ce-4793-5f6a-a8a7-e52f70f0cf9e": {
          "name": "9066c7ce-4793-5f6a-a8a7-e52f70f0cf9e",
          "value": {
            "x": 1,
            "y": 1
          },
          "transition": "linear"
        }
      },
      "priority": 110,
      "axis": "both",
      "center": "bottom-left"
    },
    {
      "name": "scale_point_line5",
      "type": "scale",
      "element": "point_line5",
      "variable": "Spawn",
      "frames": {
        "9066c7ce-4793-5f6a-a8a7-e52f70f0cf9e": {
          "name": "9066c7ce-4793-5f6a-a8a7-e52f70f0cf9e",
          "value": {
            "x": 1,
            "y": 1
          },
          "transition": "linear"
        },
        "0787936c-9bd5-56ef-a949-b75e747579a4": {
          "name": "0787936c-9bd5-56ef-a949-b75e747579a4",
          "value": {
            "x": 0,
            "y": 0
          },
          "transition": "linear"
        },
        "$min": {
          "name": "$min",
          "value": {
            "x": 0,
            "y": 0
          },
          "transition": "linear"
        },
        "$max": {
          "name": "$max",
          "value": null,
          "transition": "step"
        },
        "90ed49ec-4f21-598c-8f0d-4852ad2b0d86": {
          "name": "90ed49ec-4f21-598c-8f0d-4852ad2b0d86",
          "value": {
            "x": 1.1,
            "y": 1.1
          },
          "transition": "linear"
        }
      },
      "priority": 110,
      "axis": "both",
      "center": "bottom"
    },
    {
      "name": "scale_Bubble4",
      "type": "scale",
      "element": "Bubble4",
      "variable": "Spawn",
      "frames": {
        "$min": {
          "name": "$min",
          "value": {
            "x": 0,
            "y": 0
          },
          "transition": "linear"
        },
        "698b46df-15eb-54ad-b6de-9bd5da6b1202": {
          "name": "698b46df-15eb-54ad-b6de-9bd5da6b1202",
          "value": {
            "x": 1.1,
            "y": 1.1
          },
          "transition": "linear"
        },
        "9066c7ce-4793-5f6a-a8a7-e52f70f0cf9e": {
          "name": "9066c7ce-4793-5f6a-a8a7-e52f70f0cf9e",
          "value": {
            "x": 0,
            "y": 0
          },
          "transition": "linear"
        },
        "6689a804-f47d-5425-8e6e-e0c13f5ac071": {
          "name": "6689a804-f47d-5425-8e6e-e0c13f5ac071",
          "value": {
            "x": 1,
            "y": 1
          },
          "transition": "linear"
        },
        "$max": {
          "name": "$max",
          "value": null,
          "transition": "step"
        }
      },
      "priority": 110,
      "axis": "both",
      "center": "bottom-left"
    },
    {
      "name": "scale_point_line6",
      "type": "scale",
      "element": "point_line6",
      "variable": "Spawn",
      "frames": {
        "6689a804-f47d-5425-8e6e-e0c13f5ac071": {
          "name": "6689a804-f47d-5425-8e6e-e0c13f5ac071",
          "value": {
            "x": 1,
            "y": 1
          },
          "transition": "linear"
        },
        "9066c7ce-4793-5f6a-a8a7-e52f70f0cf9e": {
          "name": "9066c7ce-4793-5f6a-a8a7-e52f70f0cf9e",
          "value": {
            "x": 0,
            "y": 0
          },
          "transition": "linear"
        },
        "$min": {
          "name": "$min",
          "value": {
            "x": 0,
            "y": 0
          },
          "transition": "linear"
        },
        "698b46df-15eb-54ad-b6de-9bd5da6b1202": {
          "name": "698b46df-15eb-54ad-b6de-9bd5da6b1202",
          "value": {
            "x": 1.1,
            "y": 1.1
          },
          "transition": "linear"
        },
        "$max": {
          "name": "$max",
          "value": null,
          "transition": "step"
        }
      },
      "priority": 110,
      "axis": "both",
      "center": "bottom"
    },
    {
      "name": "scale_flag2",
      "type": "scale",
      "element": "flag2",
      "variable": "Spawn",
      "frames": {
        "6689a804-f47d-5425-8e6e-e0c13f5ac071": {
          "name": "6689a804-f47d-5425-8e6e-e0c13f5ac071",
          "value": {
            "x": 0,
            "y": 0
          },
          "transition": "linear"
        },
        "$min": {
          "name": "$min",
          "value": {
            "x": 0,
            "y": 0
          },
          "transition": "linear"
        },
        "dbb486bb-da49-5a70-8765-6e5b75353b68": {
          "name": "dbb486bb-da49-5a70-8765-6e5b75353b68",
          "value": {
            "x": 1,
            "y": 1
          },
          "transition": "linear"
        },
        "$max": {
          "name": "$max",
          "value": null,
          "transition": "step"
        }
      },
      "priority": 110,
      "axis": "both",
      "center": "top-left"
    },
    {
      "name": "translate_flag2",
      "type": "translate",
      "element": "flag2",
      "variable": "Spawn",
      "frames": {
        "dbb486bb-da49-5a70-8765-6e5b75353b68": {
          "name": "dbb486bb-da49-5a70-8765-6e5b75353b68",
          "value": {
            "x": 0,
            "y": 0
          },
          "transition": "linear"
        },
        "6689a804-f47d-5425-8e6e-e0c13f5ac071": {
          "name": "6689a804-f47d-5425-8e6e-e0c13f5ac071",
          "value": {
            "x": 0,
            "y": 14
          },
          "transition": "linear"
        },
        "$min": {
          "name": "$min",
          "value": null,
          "transition": "linear"
        },
        "$max": {
          "name": "$max",
          "value": null,
          "transition": "step"
        }
      },
      "priority": 130,
      "axis": "both"
    },
    {
      "name": "scale_progressbar",
      "type": "scale",
      "element": "progressbar",
      "variable": "Spawn",
      "frames": {
        "$min": {
          "name": "$min",
          "value": {
            "x": 0,
            "y": 1
          },
          "transition": "linear"
        },
        "0787936c-9bd5-56ef-a949-b75e747579a4": {
          "name": "0787936c-9bd5-56ef-a949-b75e747579a4",
          "value": {
            "x": 0,
            "y": 1
          },
          "transition": "linear"
        },
        "9066c7ce-4793-5f6a-a8a7-e52f70f0cf9e": {
          "name": "9066c7ce-4793-5f6a-a8a7-e52f70f0cf9e",
          "value": {
            "x": 1,
            "y": 1
          },
          "transition": "linear"
        },
        "90ed49ec-4f21-598c-8f0d-4852ad2b0d86": {
          "name": "90ed49ec-4f21-598c-8f0d-4852ad2b0d86",
          "value": {
            "x": 1.1,
            "y": 1
          },
          "transition": "linear"
        },
        "$max": {
          "name": "$max",
          "value": null,
          "transition": "step"
        }
      },
      "priority": 110,
      "axis": "both",
      "center": "left"
    },
    {
      "name": "scale_progress",
      "type": "scale",
      "element": "progress",
      "variable": "Spawn",
      "frames": {
        "6689a804-f47d-5425-8e6e-e0c13f5ac071": {
          "name": "6689a804-f47d-5425-8e6e-e0c13f5ac071",
          "value": {
            "x": 1,
            "y": 1
          },
          "transition": "linear"
        },
        "bbf6f602-dc15-53e4-8b9d-9afaf04ae2ff": {
          "name": "bbf6f602-dc15-53e4-8b9d-9afaf04ae2ff",
          "value": {
            "x": 1.5,
            "y": 1
          },
          "transition": "linear"
        },
        "$max": {
          "name": "$max",
          "value": {
            "x": 1.5,
            "y": 1
          },
          "transition": "step"
        },
        "dbb486bb-da49-5a70-8765-6e5b75353b68": {
          "name": "dbb486bb-da49-5a70-8765-6e5b75353b68",
          "value": {
            "x": 1,
            "y": 1
          },
          "transition": "linear"
        },
        "698b46df-15eb-54ad-b6de-9bd5da6b1202": {
          "name": "698b46df-15eb-54ad-b6de-9bd5da6b1202",
          "value": {
            "x": 1.1,
            "y": 1
          },
          "transition": "linear"
        },
        "$min": {
          "name": "$min",
          "value": {
            "x": 0,
            "y": 1
          },
          "transition": "linear"
        },
        "9066c7ce-4793-5f6a-a8a7-e52f70f0cf9e": {
          "name": "9066c7ce-4793-5f6a-a8a7-e52f70f0cf9e",
          "value": {
            "x": 0,
            "y": 1
          },
          "transition": "linear"
        }
      },
      "priority": 110,
      "axis": "both",
      "center": "left"
    },
    {
      "name": "translate_Road",
      "type": "translate",
      "element": "Road",
      "variable": "Spawn",
      "frames": {
        "$max": {
          "name": "$max",
          "value": null,
          "transition": "step"
        },
        "d2ac61f7-eba1-5260-aee8-7628fb5325d2": {
          "name": "d2ac61f7-eba1-5260-aee8-7628fb5325d2",
          "value": {
            "x": 0,
            "y": 0
          },
          "transition": "linear"
        },
        "$min": {
          "name": "$min",
          "value": {
            "x": 0,
            "y": 20
          },
          "transition": "linear"
        }
      },
      "priority": 130,
      "axis": "both"
    },
    {
      "name": "opacity_Road",
      "type": "opacity",
      "element": "Road",
      "variable": "Spawn",
      "frames": {
        "d2ac61f7-eba1-5260-aee8-7628fb5325d2": {
          "name": "d2ac61f7-eba1-5260-aee8-7628fb5325d2",
          "value": 1,
          "transition": "linear"
        },
        "$max": {
          "name": "$max",
          "value": null,
          "transition": "step"
        },
        "$min": {
          "name": "$min",
          "value": 0,
          "transition": "linear"
        }
      },
      "priority": 0
    },
    {
      "name": "scale_info2_row1",
      "type": "scale",
      "element": "info2_row1",
      "variable": "Spawn",
      "frames": {
        "9066c7ce-4793-5f6a-a8a7-e52f70f0cf9e": {
          "name": "9066c7ce-4793-5f6a-a8a7-e52f70f0cf9e",
          "value": {
            "x": 1,
            "y": 1
          },
          "transition": "linear"
        },
        "90ed49ec-4f21-598c-8f0d-4852ad2b0d86": {
          "name": "90ed49ec-4f21-598c-8f0d-4852ad2b0d86",
          "value": {
            "x": 1.1,
            "y": 1.1
          },
          "transition": "linear"
        },
        "$min": {
          "name": "$min",
          "value": {
            "x": 0,
            "y": 0
          },
          "transition": "linear"
        },
        "$max": {
          "name": "$max",
          "value": null,
          "transition": "step"
        },
        "0787936c-9bd5-56ef-a949-b75e747579a4": {
          "name": "0787936c-9bd5-56ef-a949-b75e747579a4",
          "value": {
            "x": 0,
            "y": 0
          },
          "transition": "linear"
        }
      },
      "priority": 110,
      "axis": "both",
      "center": "left"
    },
    {
      "name": "scale_info2_star1",
      "type": "scale",
      "element": "info2_star1",
      "variable": "Spawn",
      "frames": {
        "$min": {
          "name": "$min",
          "value": {
            "x": 0,
            "y": 0
          },
          "transition": "linear"
        },
        "17af616e-1713-5ebe-bba1-8a671b26f8f6": {
          "name": "17af616e-1713-5ebe-bba1-8a671b26f8f6",
          "value": {
            "x": 1.1,
            "y": 1.1
          },
          "transition": "linear"
        },
        "89b36ea0-5cd9-5716-abf1-3aa1948ae53f": {
          "name": "89b36ea0-5cd9-5716-abf1-3aa1948ae53f",
          "value": {
            "x": 1,
            "y": 1
          },
          "transition": "linear"
        },
        "8d2320b2-f83a-59af-ace7-8d7a38436352": {
          "name": "8d2320b2-f83a-59af-ace7-8d7a38436352",
          "value": {
            "x": 0,
            "y": 0
          },
          "transition": "linear"
        },
        "$max": {
          "name": "$max",
          "value": null,
          "transition": "step"
        }
      },
      "priority": 110,
      "axis": "both",
      "center": "center"
    },
    {
      "name": "scale_info2_star2",
      "type": "scale",
      "element": "info2_star2",
      "variable": "Spawn",
      "frames": {
        "9066c7ce-4793-5f6a-a8a7-e52f70f0cf9e": {
          "name": "9066c7ce-4793-5f6a-a8a7-e52f70f0cf9e",
          "value": {
            "x": 0,
            "y": 0
          },
          "transition": "linear"
        },
        "698b46df-15eb-54ad-b6de-9bd5da6b1202": {
          "name": "698b46df-15eb-54ad-b6de-9bd5da6b1202",
          "value": {
            "x": 1.1,
            "y": 1.1
          },
          "transition": "linear"
        },
        "6689a804-f47d-5425-8e6e-e0c13f5ac071": {
          "name": "6689a804-f47d-5425-8e6e-e0c13f5ac071",
          "value": {
            "x": 1,
            "y": 1
          },
          "transition": "linear"
        },
        "$max": {
          "name": "$max",
          "value": null,
          "transition": "step"
        },
        "$min": {
          "name": "$min",
          "value": {
            "x": 0,
            "y": 0
          },
          "transition": "linear"
        }
      },
      "priority": 110,
      "axis": "both",
      "center": "center"
    },
    {
      "name": "scale_info3_row1",
      "type": "scale",
      "element": "info3_row1",
      "variable": "Spawn",
      "frames": {
        "698b46df-15eb-54ad-b6de-9bd5da6b1202": {
          "name": "698b46df-15eb-54ad-b6de-9bd5da6b1202",
          "value": {
            "x": 1.1,
            "y": 1.1
          },
          "transition": "linear"
        },
        "9066c7ce-4793-5f6a-a8a7-e52f70f0cf9e": {
          "name": "9066c7ce-4793-5f6a-a8a7-e52f70f0cf9e",
          "value": {
            "x": 0,
            "y": 0
          },
          "transition": "linear"
        },
        "6689a804-f47d-5425-8e6e-e0c13f5ac071": {
          "name": "6689a804-f47d-5425-8e6e-e0c13f5ac071",
          "value": {
            "x": 1,
            "y": 1
          },
          "transition": "linear"
        },
        "$max": {
          "name": "$max",
          "value": null,
          "transition": "step"
        },
        "$min": {
          "name": "$min",
          "value": {
            "x": 0,
            "y": 0
          },
          "transition": "linear"
        }
      },
      "priority": 110,
      "axis": "both",
      "center": "left"
    },
    {
      "name": "scale_info3_row2",
      "type": "scale",
      "element": "info3_row2",
      "variable": "Spawn",
      "frames": {
        "$max": {
          "name": "$max",
          "value": null,
          "transition": "step"
        },
        "af65b1bf-91fc-569e-9ac0-466321fc5cae": {
          "name": "af65b1bf-91fc-569e-9ac0-466321fc5cae",
          "value": {
            "x": 1,
            "y": 1
          },
          "transition": "linear"
        },
        "907c505f-eebc-5766-9f57-f6cf176a6f19": {
          "name": "907c505f-eebc-5766-9f57-f6cf176a6f19",
          "value": {
            "x": 1.1,
            "y": 1.1
          },
          "transition": "linear"
        },
        "$min": {
          "name": "$min",
          "value": {
            "x": 0,
            "y": 0
          },
          "transition": "linear"
        },
        "89b36ea0-5cd9-5716-abf1-3aa1948ae53f": {
          "name": "89b36ea0-5cd9-5716-abf1-3aa1948ae53f",
          "value": {
            "x": 0,
            "y": 0
          },
          "transition": "linear"
        }
      },
      "priority": 110,
      "axis": "both",
      "center": "left"
    },
    {
      "name": "scale_info3_row3",
      "type": "scale",
      "element": "info3_row3",
      "variable": "Spawn",
      "frames": {
        "dbb486bb-da49-5a70-8765-6e5b75353b68": {
          "name": "dbb486bb-da49-5a70-8765-6e5b75353b68",
          "value": {
            "x": 1,
            "y": 1
          },
          "transition": "linear"
        },
        "$min": {
          "name": "$min",
          "value": {
            "x": 0,
            "y": 0
          },
          "transition": "linear"
        },
        "bd244aa3-3117-5b3a-bf12-adb4c27e215f": {
          "name": "bd244aa3-3117-5b3a-bf12-adb4c27e215f",
          "value": {
            "x": 1.1,
            "y": 1.1
          },
          "transition": "linear"
        },
        "$max": {
          "name": "$max",
          "value": null,
          "transition": "step"
        },
        "6689a804-f47d-5425-8e6e-e0c13f5ac071": {
          "name": "6689a804-f47d-5425-8e6e-e0c13f5ac071",
          "value": {
            "x": 0,
            "y": 0
          },
          "transition": "linear"
        }
      },
      "priority": 110,
      "axis": "both",
      "center": "left"
    },
    {
      "name": "scale_info3_signature",
      "type": "scale",
      "element": "info3_signature",
      "variable": "Spawn",
      "frames": {
        "5e34eea6-624c-5645-be88-8373f8bcfaa6": {
          "name": "5e34eea6-624c-5645-be88-8373f8bcfaa6",
          "value": {
            "x": 1,
            "y": 1
          },
          "transition": "linear"
        },
        "d55d5c68-84ce-5c87-b986-a2a59c1ce1c0": {
          "name": "d55d5c68-84ce-5c87-b986-a2a59c1ce1c0",
          "value": {
            "x": 1.1,
            "y": 1.1
          },
          "transition": "linear"
        },
        "$min": {
          "name": "$min",
          "value": {
            "x": 0,
            "y": 0
          },
          "transition": "linear"
        },
        "af65b1bf-91fc-569e-9ac0-466321fc5cae": {
          "name": "af65b1bf-91fc-569e-9ac0-466321fc5cae",
          "value": {
            "x": 0,
            "y": 0
          },
          "transition": "linear"
        },
        "$max": {
          "name": "$max",
          "value": null,
          "transition": "step"
        }
      },
      "priority": 110,
      "axis": "both",
      "center": "bottom"
    },
    {
      "name": "scale_info4_row1",
      "type": "scale",
      "element": "info4_row1",
      "variable": "Spawn",
      "frames": {
        "6689a804-f47d-5425-8e6e-e0c13f5ac071": {
          "name": "6689a804-f47d-5425-8e6e-e0c13f5ac071",
          "value": {
            "x": 0,
            "y": 0
          },
          "transition": "linear"
        },
        "dbb486bb-da49-5a70-8765-6e5b75353b68": {
          "name": "dbb486bb-da49-5a70-8765-6e5b75353b68",
          "value": {
            "x": 1,
            "y": 1
          },
          "transition": "linear"
        },
        "bd244aa3-3117-5b3a-bf12-adb4c27e215f": {
          "name": "bd244aa3-3117-5b3a-bf12-adb4c27e215f",
          "value": {
            "x": 1.1,
            "y": 1.1
          },
          "transition": "linear"
        },
        "$min": {
          "name": "$min",
          "value": {
            "x": 0,
            "y": 0
          },
          "transition": "linear"
        },
        "$max": {
          "name": "$max",
          "value": null,
          "transition": "step"
        }
      },
      "priority": 110,
      "axis": "both",
      "center": "left"
    },
    {
      "name": "scale_info4_row2",
      "type": "scale",
      "element": "info4_row2",
      "variable": "Spawn",
      "frames": {
        "af65b1bf-91fc-569e-9ac0-466321fc5cae": {
          "name": "af65b1bf-91fc-569e-9ac0-466321fc5cae",
          "value": {
            "x": 0,
            "y": 0
          },
          "transition": "linear"
        },
        "$min": {
          "name": "$min",
          "value": {
            "x": 0,
            "y": 0
          },
          "transition": "linear"
        },
        "$max": {
          "name": "$max",
          "value": null,
          "transition": "step"
        },
        "bd244aa3-3117-5b3a-bf12-adb4c27e215f": {
          "name": "bd244aa3-3117-5b3a-bf12-adb4c27e215f",
          "value": {
            "x": 1.1,
            "y": 1.1
          },
          "transition": "linear"
        },
        "dbb486bb-da49-5a70-8765-6e5b75353b68": {
          "name": "dbb486bb-da49-5a70-8765-6e5b75353b68",
          "value": {
            "x": 1,
            "y": 1
          },
          "transition": "linear"
        }
      },
      "priority": 110,
      "axis": "both",
      "center": "left"
    },
    {
      "name": "scale_info4_row3",
      "type": "scale",
      "element": "info4_row3",
      "variable": "Spawn",
      "frames": {
        "5e34eea6-624c-5645-be88-8373f8bcfaa6": {
          "name": "5e34eea6-624c-5645-be88-8373f8bcfaa6",
          "value": {
            "x": 1,
            "y": 1
          },
          "transition": "linear"
        },
        "dbb486bb-da49-5a70-8765-6e5b75353b68": {
          "name": "dbb486bb-da49-5a70-8765-6e5b75353b68",
          "value": {
            "x": 0,
            "y": 0
          },
          "transition": "linear"
        },
        "$max": {
          "name": "$max",
          "value": null,
          "transition": "step"
        },
        "426039c1-b7be-5365-9355-05c0c734e1db": {
          "name": "426039c1-b7be-5365-9355-05c0c734e1db",
          "value": {
            "x": 1.1,
            "y": 1.1
          },
          "transition": "linear"
        },
        "$min": {
          "name": "$min",
          "value": {
            "x": 0,
            "y": 0
          },
          "transition": "linear"
        }
      },
      "priority": 110,
      "axis": "both",
      "center": "left"
    },
    {
      "name": "scale_info4_image",
      "type": "scale",
      "element": "info4_image",
      "variable": "Spawn",
      "frames": {
        "5e34eea6-624c-5645-be88-8373f8bcfaa6": {
          "name": "5e34eea6-624c-5645-be88-8373f8bcfaa6",
          "value": {
            "x": 0,
            "y": 0
          },
          "transition": "linear"
        },
        "7375ede7-abd5-5800-9cab-5e720b581fbc": {
          "name": "7375ede7-abd5-5800-9cab-5e720b581fbc",
          "value": {
            "x": 1,
            "y": 1
          },
          "transition": "linear"
        },
        "00b18299-02c0-5712-b1c6-eff561fad70c": {
          "name": "00b18299-02c0-5712-b1c6-eff561fad70c",
          "value": {
            "x": 1.1,
            "y": 1.1
          },
          "transition": "linear"
        },
        "$max": {
          "name": "$max",
          "value": null,
          "transition": "step"
        },
        "$min": {
          "name": "$min",
          "value": {
            "x": 0,
            "y": 0
          },
          "transition": "linear"
        }
      },
      "priority": 110,
      "axis": "both",
      "center": "center"
    }
  ],
  "elements": []
}